id,pclass,qa,
0,紐⑥쭛/?좊컻,"1) 理쒖쥌 ?숇젰 ?먮뒗 ?꾧났怨?愿怨꾩뾾??吏?먰븷 ???덈굹?? 
KT ?먯씠釉붿뒪荑⑥? ?뺢퇋 4?꾩젣 ???議몄뾽??諛?議몄뾽?덉젙?먮? ??곸쑝濡??섎뒗 援먯쑁?낅땲?? ?꾧났??愿怨??놁씠 紐낆떆??吏???먭꺽??遺?⑺븳?ㅻ㈃ 紐⑤몢 吏??媛?ν빀?덈떎. ?ㅻ쭔, AI媛쒕컻??Track? 湲곕낯?곸씤 肄붾뵫??웾???꾩슂?⑸땲??
",
1,紐⑥쭛/?좊컻,"2) 35???댁긽? 吏?먰븷 ???녿굹??
蹂?援먯쑁 怨쇱젙? 34???댄븯瑜???곸쑝濡??섎뒗 援먯쑁?낅땲?? ?? 紐⑥쭛?쒖젏??35?몃씪???대떦?곕룄 1??1???댄썑 ?앹씪?먮뒗 吏?먯씠 媛?ν빀?덈떎. (?? 5湲?吏??湲곗? 1989??1??1???댄썑 異쒖깮??",
2,紐⑥쭛/?좊컻,"3) 誘몄랬?낆옄??湲곗???萸붽???
<p>誘몄랬?낆옄??湲곗?? ?꾨옒? 媛숈뒿?덈떎. </p>
<p>1) 湲곌컙???뺥븿???덈뒗 洹쇰줈??寃쎌슦,  </p>
<p>2) 怨좎슜蹂댄뿕??誘멸??낇븳 寃쎌슦, </p>
<p>3) 怨좎슜蹂댄뿕??媛?낅릺???덈뜑?쇰룄 15?쒓컙/二?誘몃쭔 洹쇰줈??寃쎌슦 </p>
<p>?? ?대뼚??寃쎌슦?먮룄 援먯쑁??????09:00~18:00)?쇰줈 ?ㅼ쓣 ???덉뼱??援먯쑁 李몄뿬媛 媛?ν빀?덈떎.</p>
",
3,紐⑥쭛/?좊컻,"4) 吏곸옣?몃룄 吏?먰븷 ???덈굹?? 
KT ?먯씠釉붿뒪荑⑥? 誘몄랬?낆옄瑜???곸쑝濡??섎ŉ, 援먯쑁 ?쒖옉??湲곗? ?ъ쭅?먮뒗 吏?먯씠 遺덇??ν빀?덈떎.
?ν썑 痍⑥뾽?щ?瑜??뺤씤???덉젙?낅땲??",
4,紐⑥쭛/?좊컻,"5) ?꾨Ⅴ諛붿씠?몃? ?섍퀬 ?덈뒗??吏?먰븷 ???덈굹?? 
<p>怨좎슜蹂댄뿕??媛?낆씠 ?섏뼱 ?덈뒗 寃쎌슦 15?쒓컙/二?誘몃쭔 洹쇰줈??寃쎌슦?먮쭔 誘몄랬?낆옄濡?媛꾩＜?섏뿬 吏?먯씠 媛?ν빀?덈떎. </p>
<p>怨좎슜蹂댄뿕??媛?낅릺???덉? ?딅뒗 寃쎌슦?먮뒗 ?뱀닔?뺥깭洹쇰줈??怨좎슜蹂댄뿕誘멸??낃렐濡쒖옄濡?遺꾨쪟?섏뼱 洹쇰줈?쒓컙怨??덈젴?쒓컙??以묐났?섏? ?딅뒗?ㅻ㈃ ?덈젴 ?섍컯? 媛?ν븯?? ?덈젴?λ젮湲덉씠 吏湲됰릺吏 ?딆뒿?덈떎. </p>

<p>?ㅻ쭔, ?뱀닔?뺥깭洹쇰줈?먯쓽 寃쎌슦 ?댁큺利앸챸?? ?댁궗 ?ъ떎?뺤씤利앸챸???ъ뾽二? 洹쇰줈??吏곸씤/?쒕챸?ы븿)???쒖텧?섎뒗 寃쎌슦 ?덈젴?λ젮湲?吏湲됱씠 媛?ν븯誘濡? </p>
<p>怨좎슜?뺥깭 愿???몃??ы빆? 嫄곗＜吏 愿??怨좎슜?쇳꽣(HRD-Net ?뺤씤) ?먮뒗 ?덈젴 沅뚯뿭蹂?怨좎슜?쇳꽣濡?臾몄쓽?섏떆湲?諛붾엻?덈떎. </p>

<p>???섎룄沅? ?깅궓怨좎슜?쇳꽣 </p>
<p>      異⑸궓/異⑸턿: ??꾧퀬?⑹꽱??</p>
<p>      ?援?寃쎈턿: ?援ш퀬?⑹꽱??</p>
<p>      ?꾨궓/?꾨턿: 愿묒＜怨좎슜?쇳꽣 </p>
<p>      遺??寃쎈궓: 遺?곌퀬?⑹꽱??</p>
<p>       - 怨좎슜?몃룞遺 ??쒕쾲??1350, 嫄곗＜吏 洹쇱쿂 吏?꾧??? HRD-Net 硫붿씤 ?섎떒 吏??퀎 湲곌?寃?됱뿉???뺤씤 媛??</p>",
5,紐⑥쭛/?좊컻,"6) ?ъ뾽?먮룄 吏?먰븷 ???덈굹?? 
?ъ뾽?먮뒗 ?먯쁺?낆옄濡?遺꾨쪟?⑸땲??
?먯쁺?낆옄??寃쎌슦 愿??怨좎슜?쇳꽣?먯꽌 援???댁씪諛곗?移대뱶 諛쒓툒 ?щ?瑜?寃?좏븯硫? 移대뱶媛 諛쒓툒?섏뼱 援먯쑁???섍컯?섏뿬???덈젴?λ젮湲덉? 吏湲됰릺吏 ?딆뒿?덈떎.
?ㅻ쭔, 怨좎슜蹂댄뿕???꾩쓽媛?낇븳 ?먯쁺?낆옄??寃쎌슦 ?덈젴?λ젮湲덉씠 吏湲됰맗?덈떎.",
6,紐⑥쭛/?좊컻,"7) ?꾨━?쒖꽌??吏?먰븷 ???덈굹?? 
<p>怨좎슜蹂댄뿕??媛?낇븯吏 ?딆? 寃쎌슦 誘몄랬?낆옄濡?蹂댁?留? ?꾨━?쒖꽌 怨꾩빟??寃쎌슦 媛쒖씤蹂??곹솴???ㅻ? ???덉뼱??愿??怨좎슜?쇳꽣??臾몄쓽?섏뿬 ?뺤씤?섏떆湲?諛붾엻?덈떎.  </p>

<p>?? 愿??怨좎슜?쇳꽣 :  </p>
<p>      ?섎룄沅? ?깅궓怨좎슜?쇳꽣 </p>
<p>      異⑸궓/異⑸턿: ??꾧퀬?⑹꽱??</p>
<p>      ?援?寃쎈턿: ?援ш퀬?⑹꽱??</p>
<p>      ?꾨궓/?꾨턿: 愿묒＜怨좎슜?쇳꽣 </p>
<p>      遺??寃쎈궓: 遺?곌퀬?⑹꽱??</p>
<p>       - 怨좎슜?몃룞遺 ??쒕쾲??1350, 嫄곗＜吏 洹쇱쿂 吏?꾧??? HRD-Net 硫붿씤 ?섎떒 吏??퀎 湲곌?寃?됱뿉???뺤씤 媛??</p>",
7,紐⑥쭛/?좊컻,"8) ?꾩옱 援?蹂듬Т以묒씤 ?곹깭?몃뜲, 吏?먯씠 媛?ν븳媛??
?꾩옱 援?蹂듬Т以묒씤 ?곹깭?щ룄 吏??媛?ν빀?덈떎. ?ㅻ쭔, 援먯쑁 ?쒖옉 ?꾩씪源뚯? 蹂묒뿭?섎Т瑜?留덉퀜??援먯쑁 ?섍컯??媛?ν빀?덈떎.",
8,紐⑥쭛/?좊컻,"9) ?댁궗 ???ㅼ뾽湲됱뿬 ?섎졊 以묒씤?? 吏?먰븷 ???덈굹?? 
<p>?댁궗 ??怨좎슜蹂댄뿕 ?곸떎???꾨즺?섏뼱 ?ㅼ뾽湲됱뿬瑜??섍툒 以묒씤 寃쎌슦, ?덈젴 ?섍컯?먮뒗 臾몄젣媛 ?놁뒿?덈떎.
?ㅻ쭔, ?ㅼ뾽湲됱뿬? ?덈젴?λ젮湲덉? 以묐났 ?섍툒??遺덇??섏뿬 ?ㅼ뾽湲됱뿬 吏湲됱씠 醫낅즺?????덈젴?λ젮湲?吏湲됱씠 媛쒖떆?⑸땲?? <br></p>",
9,紐⑥쭛/?좊컻,"10) ?ㅻⅨ K-DT 怨쇱젙???ㅼ뿀?붾뜲 吏?먰븷 ???덈굹??
K-DT 援먯쑁怨쇱젙? 理쒖큹 1?뚯뿉 ?쒗빐?쒕쭔 臾대즺 ?섍컯??媛?ν븯硫? KT ?먯씠釉붿뒪荑⑥? 蹂몄씤 遺?닿툑??諛쒖깮?섎뒗 寃쎌슦 吏?먯씠 ?대졄?듬땲??
K-DT 怨쇱젙留덈떎 李⑥씠媛 ?덉쓣 ???덉쑝??媛쒖씤蹂??뺥솗???섍컯 媛???щ???愿??怨좎슜?쇳꽣???뺤씤 遺?곷뱶由쎈땲?? 
愿??怨좎슜?쇳꽣 ?뺣낫??怨좎슜?몃룞遺 ??쒕쾲??1350 ?먮뒗 嫄곗＜吏 洹쇱쿂 吏?꾧??? HRD-Net?먯꽌 ?뺤씤 媛?ν빀?덈떎.",
10,紐⑥쭛/?좊컻,"11) K-DT媛 ?꾨땶 援?퉬怨쇱젙 李몄뿬 以묒씤??吏?먰븷 ???덈굹??
湲곗〈???섍컯?섏떊 怨쇱젙??K-DT 怨쇱젙???꾨땲?쇰㈃ 吏?먯씠 媛?ν빀?덈떎. 
媛쒖씤蹂??곹솴???ㅻ? ???덉쑝誘濡??뺥솗???섍컯 媛???щ???愿??怨좎슜?쇳꽣??臾몄쓽?섏뿬 ?뺤씤?섏떆湲?諛붾엻?덈떎.  
愿??怨좎슜?쇳꽣 ?뺣낫??怨좎슜?몃룞遺 ??쒕쾲??1350 ?먮뒗 嫄곗＜吏 洹쇱쿂 吏?꾧??? HRD-Net?먯꽌 ?뺤씤 媛?ν빀?덈떎. ",
11,紐⑥쭛/?좊컻,"12) ?댁쟾??遺덊빀寃⑺뻽??寃쎌슦 ?대쾲???ㅼ떆 吏?먰븷???덈굹??
吏?먯옄寃⑹뿉 ?대떦?섎뒗 寃쎌슦 ?ㅼ떆 吏?먯씠 媛?ν빀?덈떎.",
12,紐⑥쭛/?좊컻,"13) ?⑷꺽 ??怨쇱젙???ш린?섎㈃ ?ъ??먯씠 遺덇??ν븳媛??
援먯쑁 ?깅줉?좎껌???섏? ?딄굅??援먯쑁 ?쇱젙 ?쒖옉 ?꾩뿉 援먯쑁 ?깅줉??痍⑥냼?대룄 吏?먯옄寃⑹뿉 ?대떦?섎뒗 寃쎌슦 ?ㅼ떆 吏?먯씠 媛?ν빀?덈떎. ?ㅻ쭔, 援먯쑁 怨쇱젙 ?뺤젙?먯떊怨좎씪(援먯쑁?쒖옉?쇰줈遺??7????吏????以묐룄 ?닿탳瑜???寃쎌슦 怨쇱젙???섍컯??寃껋쑝濡?媛꾩＜?섎ŉ, ?ν썑 K-Digital Training (K-DT) 怨쇱젙???ъ??먯? 媛?ν븯??臾대즺 ?섍컯? ?대졄?듬땲??",
13,紐⑥쭛/?좊컻,"14) 異붽??⑷꺽?쒕룄媛 ?덈굹??
?꾩옱 KT ?먯씠釉붿뒪荑⑥? 異붽??⑷꺽 ?쒕룄瑜??댁쁺?섍퀬 ?덉? ?딆뒿?덈떎. ?ν썑 異붽??⑷꺽???댁쁺?섎뒗 寃쎌슦, ?ъ쟾??怨듭????덉젙?낅땲??",
14,紐⑥쭛/?좊컻,"15) 硫댁젒? ?대뼸寃?吏꾪뻾?섎굹??
KT ?먯씠釉붿뒪荑⑥? 蹂꾨룄??硫댁젒 怨쇱젙???놁뒿?덈떎 ",
15,紐⑥쭛/?좊컻,"16) 肄붾뵫?뚯뒪?몃뒗 ?대뼸寃?吏꾪뻾?섎굹??
肄붾뵫?뚯뒪?몃뒗 AI媛쒕컻??Track 吏?먯옄瑜???곸쑝濡?吏꾪뻾?섎ŉ, ?ъ슜 媛?ν븳 ?꾨줈洹몃옒諛??몄뼱??C, C++, JAVA, Python, JavaScript 5媛吏?낅땲?? ?먯꽭???댁슜? ?쒕쪟?꾪삎 ?⑷꺽????곸쑝濡??덈궡?쒕┫ ?덉젙?낅땲?? ",
16,紐⑥쭛/?좊컻,"17) 援???댁씪諛곗?移대뱶媛 ?덉뼱???몄쟻?깃????묒떆?????덈굹?? 
?꾨떃?덈떎. 援???댁씪諛곗?移대뱶??援먯쑁?쒖옉??湲곗? D-7(二쇰쭚?숆났?댁씪 ?쒖쇅)源뚯? 諛쒓툒??二쇱떆怨?  理쒖쥌?⑷꺽 ?댄썑 ?⑷꺽????곸쑝濡??쇨큵 ?덈궡 ?쒕┫ ?덉젙?낅땲??",
17,紐⑥쭛/?좊컻,"18) ?몄쟻?깃??щ뒗 KT 梨꾩슜怨?媛숈? 怨쇰ぉ?멸??? 
?꾩옱 KT ?먯씠釉붿뒪荑⑥? KT 梨꾩슜 ?몄쟻?깃??ъ? 媛숈? 怨쇰ぉ???몄쟻?깃??щ? ?댁쁺?섍퀬 ?덉뒿?덈떎. ",
18,紐⑥쭛/?좊컻,"19) 援???댁씪諛곗?移대뱶媛 ?덉뼱?쇰쭔 吏?먰븷 ???덈굹?? 
?? 援???댁씪諛곗?移대뱶 蹂댁쑀???먮뒗 諛쒓툒 媛?μ옄?ъ빞 吏?먯씠 媛?ν빀?덈떎. 
?꾩옱 移대뱶瑜?蹂댁쑀?섍퀬 ?덉? ?딅뜑?쇰룄, K-Digital Training 援먯쑁 ??곸옄濡??뺤씤?섏뼱 ?좉퇋 諛쒓툒?섎㈃ 吏??媛?ν빀?덈떎. ",
19,紐⑥쭛/?좊컻,"20) (吏?먯꽌 ?묒꽦) ?꾩옱 4?숇뀈 1?숆린 ?ы븰 ?먮뒗 ?댄븰 ?깆쓽 ?ъ쑀濡?議몄뾽(?덉젙)利앸챸??諛쒓툒???덈릺??寃쎌슦 ?대뼸寃??댁빞 ?섎굹??
議몄뾽?덉젙利앸챸??諛쒓툒??遺덇??ν븳 寃쎌슦 ?섎즺利앸챸???먮뒗 ?ы븰利앸챸?쒕? ?쒖텧?섏뿬 二쇱떆湲?諛붾씪硫? 
異뷀썑 議몄뾽?덉젙利앸챸??諛쒓툒 媛???쒖젏???쒖텧 ?붿껌???쒕┫ ???덉뒿?덈떎.",
20,紐⑥쭛/?좊컻,"21) (吏?먯꽌 ?묒꽦) ??숈썝 ?ы븰 以묒쑝濡??깆쟻?쒓? ?녿뒗 寃쎌슦 ?대뼸寃??섎굹??
??숈썝 ?ы븰 以묒쑝濡??깆쟻利앸챸?쒓? ?놁쑝??寃쎌슦, 理쒖쥌?숇젰? ??숆탳濡??낅젰?섏뿬 二쇱떆怨?議몄뾽(?덉젙)利앸챸??諛??깆쟻利앸챸???쒖텧??먮뒗 ?ы븰利앸챸?쒕? ?쒖텧?섏뿬 二쇱떆湲?諛붾엻?덈떎. ",
21,紐⑥쭛/?좊컻,"22) (吏?먯꽌 ?묒꽦) 誘멸뎅 4?꾩젣 ??숈쓽 寃쎌슦 利앸튃?쒕쪟媛 臾댁뾿?멸??? 
議몄뾽???뺤씤?????덈뒗 ?쒕쪟??怨듭떇 議몄뾽???? Diploma)怨? 4?꾧컙???댁닔 怨쇰ぉ怨??깆쟻???뺤씤?????덈뒗 ?깆쟻???? Transcript)瑜??쒖텧?섏떆硫??⑸땲??  ",
22,援먯쑁/?섍컯,"23) 而댄벂?곌났??鍮꾩쟾怨듭옄??而ㅻ━?섎읆???곕씪媛????덉쓣源뚯슂?
鍮꾩쟾怨듭옄??SW媛쒕컻??愿?ш낵 ?댁젙???덉쑝??遺꾨뱾? 異⑸텇???곕씪 媛????덉뒿?덈떎.  
??寃쎌슦 ?곗씠???ъ씠?몄뒪 湲곕컲?쇰줈 ?곗뾽 ?꾩옣??AI瑜??묐ぉ?섍퀬 DX瑜??대걚??DX而⑥꽕?댄듃 Track??異붿쿇 ?쒕┰?덈떎.  
SW湲곗큹 吏??諛?肄붾뵫??웾??蹂댁쑀?섍퀬 ?덇퀬 媛쒕컻?먮줈 ?깆옣?섍퀬 ?띠? 遺꾧퍡??AI媛쒕컻??Track??異붿쿇 ?쒕┰?덈떎.   ",
23,援먯쑁/?섍컯,"24) 援먯쑁 ?꾩뿉 誘몃━ 怨듬??섎㈃ 醫뗭? 寃껋씠 ?덉쓣源뚯슂?
?뚯씠???꾨줈洹몃옒諛??ъ슜踰뺢낵 AI 媛쒕뀗?????湲곗큹 ?댄빐瑜?怨듬??섍퀬 ?ㅼ떆硫??꾩????섏떎 寃?媛숈뒿?덈떎. ",
24,援먯쑁/?섍컯,"25) 異쒓껐 湲곗????대뼸寃??좉퉴??
1. ?뱀씪 ?뚯젙?덈젴?쒓컙??50?쇱꽱??誘몃쭔???섍컯??寃쎌슦, 2. 吏媛? 議고눜 3???꾩쟻 ?? 寃곗꽍 泥섎━ ?⑸땲?? ",
25,援먯쑁/?섍컯,"26) ?닿?瑜??ъ슜?????덈굹??
K-Digital Training (K-DT) 洹쒖젙????1???닿? ?ъ슜??媛?ν빀?덈떎.  ",
26,援먯쑁/?섍컯,"27) 援먯쑁 ?섎즺 湲곗?? 臾댁뾿?멸???
<p>KT ?먯씠釉붿뒪荑⑥? 怨좎슜?몃룞遺 K-Digital Training ?ъ뾽?쇰줈 ?댁쁺?⑥뿉 ?곕씪 珥??덈젴?쇱닔??80% ?댁긽??異쒖꽍??寃쎌슦 ?섎즺??곸씠 ?⑸땲?? </p>
<p>??援???댁씪諛곗?移대뱶 ?댁쁺洹쒖젙 ???⑥쐞湲곌컙 50%?댁긽 臾대떒寃곗꽍 ???먮뒗 珥?寃곗꽍 ?쇱닔媛 ?꾩껜 ?덈젴?쇱닔??20% 珥덇낵 ???쒖쟻??곸씠?? ?덈젴 ?섏? ?좎?瑜??꾪븯??KT ?먯씠釉붿뒪荑⑥뿉?쒕뒗 100% 異쒖꽍??沅뚯옣?섍퀬 ?덉뒿?덈떎. 異쒓껐 誘몃떖濡??명빐 ?덈젴 ?섏? ?좎?媛 ?대젮??寃쎌슦 ?쒖쟻 ??곸씠 ?????덉뒿?덈떎.(#援???댁씪諛곗?移대뱶 ?댁쁺洹쒖젙 ??5議?",
27,援먯쑁/?섍컯,"28) 援먯쑁 ?μ냼(吏?????대뼸寃??섎굹??
<p>KT ?먯씠釉붿뒪荑⑥? ?꾧뎅 ?대뵒?쒕굹 李몄뿬?????덈룄濡? ???ㅽ봽?쇱씤??蹂묓뻾?섏뿬 ?꾨젰?곸쑝濡??댁쁺?⑸땲?? </p><br>
<p>?ㅽ봽?쇱씤 援먯쑁?μ냼??6媛?沅뚯뿭(?섎룄沅? 媛뺤썝沅? 遺??寃쎈궓沅? ?援?寃쎈턿沅? 異⑸궓/異⑸턿沅? ?꾨궓/?꾨턿沅????꾩튂?섍퀬 ?덉뒿?덈떎. </p><br>
<p>?섎룄沅?: KT遺꾨떦援먯쑁??(寃쎄린???깅궓??遺꾨떦援?遺덉젙濡?90), KT?꾨냽援먯쑁??(?쒖슱???숇?臾멸뎄 ?ш??뺣줈 105) </p>
<p>媛뺤썝沅?: KT?먯＜?곗닔??(媛뺤썝???먯＜???됯뎄???됯뎄?뺥쁽湲?109)</p>
<p>遺??寃쎈궓沅?: ?먯씠釉붿뒪荑?BDIA ?숆뎄罹좏띁??(遺???숆뎄 珥덈웾以묐줈29 KCA鍮뚮뵫)</p>
<p>?援?寃쎈턿沅?: KT遺곷?援щ퉴??(?援ш킅??떆 遺곴뎄 怨좎꽦濡?141)</p>
<p>異⑸궓/異⑸턿沅?: KT?꾨갑鍮뚮뵫 (??꾧킅??떆 ?쒓뎄 臾몄젙濡?48踰덇만 30)</p>
<p>?꾨궓/?꾨턿沅?: KT?좎븞鍮뚮뵫 (愿묒＜愿묒뿭??遺곴뎄 ?좎븞??臾대벑濡?202踰덇만)</p>
",
28,援먯쑁/?섍컯,"29) 吏??吏??援먯쑁 ?μ냼)??蹂寃쏀븷 ???덈굹??
?쒕쪟 ?묒닔 留덇컧 ?댄썑??吏??吏??援먯쑁 ?μ냼) 蹂寃쎌? 遺덇??ν븯硫?  理쒖쥌 ?⑷꺽??吏??뿉?쒕쭔 援먯쑁??媛?ν빀?덈떎.",
29,援먯쑁/?섍컯,"30) ?硫?援먯쑁??吏꾪뻾?섎굹??
援먯쑁 怨쇱젙 以?STEP1怨?STEP2???遺遺?鍮꾨?硫?援먯쑁?쇰줈 吏꾪뻾?섎ŉ, ?쇰? ?꾨줈?앺듃???硫댁쑝濡?吏꾪뻾?????덉뒿?덈떎.  
STEP3 ?꾨줈?앺듃 ?섑뻾湲곌컙?먮뒗 ?硫?& 鍮꾨?硫댁쓣 蹂묓뻾?섏뿬 吏꾪뻾?⑸땲?? (?? 肄붾줈???뺣?諛⑹뿭吏移⑥뿉 ?곕씪 蹂寃쎈맆 ???덉뒿?덈떎.)",
30,援먯쑁/?섍컯,"31) 鍮꾨?硫댁쑝濡?吏꾪뻾?쒕떎硫?媛쒖씤???먰븯???쒓컙???李몄뿬?????덈굹??
KT ?먯씠釉붿뒪荑⑥? ???꾩쑝濡?援먯쑁??吏꾪뻾?섎ŉ, ?뺥빐吏??쒓컙???꾩닔濡?李몄뿬?댁빞 ?⑸땲??",
31,援먯쑁/?섍컯,"32) ???援먯쑁怨?蹂묓뻾 ?????덈굹??
KT ?먯씠釉붿뒪荑⑥? ????09:00~18:00)?쇰줈 援먯쑁??吏꾪뻾?섎?濡?援먯쑁?????꾩쑝濡?李몄뿬?????덉뼱??援먯쑁 ?섍컯??媛?ν빀?덈떎.",
32,援먯쑁/?섍컯,"33) ?몃뱶?곗쑝濡쒕룄 ?섍컯 ?????덈굹??
?ㅼ뒿 援먯쑁???몃뱶?곗쑝濡??뚰솕?섍린???대졄?듬땲?? ?쒓났?대뱶由??명듃遺곸쓣 ?ъ슜??二쇱떆湲?諛붾엻?덈떎. ",
33,援먯쑁/?섍컯,"34) 援먯쑁??以묐룄 ?ш린??寃쎌슦 ?⑤꼸?곌? ?덈굹?? 
<p>援먯쑁 ?쒖옉 ??7??二쇰쭚, 怨듯쑕???ы븿) ?대궡?먮뒗 ?섍컯 泥좏쉶媛 媛?ν빀?덈떎. </p>
<p>?ㅻ쭔, ?댄썑???섍컯??泥좏쉶?섎뒗 寃쎌슦 援???댁씪諛곗?移대뱶 ?댁쁺 湲곗????곕씪 ?⑤꼸?곌? 遺怨쇰릺硫? </p>
<p>異뷀썑 援???댁씪諛곗?移대뱶瑜??쒖슜?섏뿬 吏곸뾽?덈젴 怨쇱젙???섍컯??寃쎌슦 ?먭린遺?댁븸??諛쒖깮?????덉뒿?덈떎.</p>
<p>1) 吏덈퀝, ?ш퀬, ?덈젴湲곌? ?ъ젙, 泥쒖옱吏蹂 ??遺덇??쇳븳 ?ъ쑀 ?놁씠 以묐룄???덈젴 ?섍컯??洹몃쭔??寃쎌슦 </p>
<p>    (1?? 20留뚯썝, 2?? 50留뚯썝, 3?? 100留뚯썝 李④컧) </p>
<p>2) 嫄곗쭞?대굹 洹?諛뽰쓽 遺?뺥븳 諛⑸쾿?쇰줈 異쒓껐泥댄겕?섏뿬 ?쒖쟻??寃쎌슦: ?꾩븸 </p>
<p>3) 吏?먮??곸뿉 ?대떦?섏? ?딄굅??吏???쒖쇅 ??곸뿉 ?대떦?⑥뿉??遺덇뎄?섍퀬 嫄곗쭞?대굹 洹?諛뽰쓽遺?뺥븳 諛⑸쾿?쇰줈 </p>
<p>    怨꾩쥖瑜?諛쒓툒諛쏄굅??吏?먯쓣 諛쏆? 寃쎌슦: ?꾩븸</p>",
34,援먯쑁/?섍컯,"35) 援먯쑁怨쇱젙 以??쒗뿕???덈굹??
KT ?먯씠釉붿뒪荑⑥? ?먭린二쇰룄?곸씤 ?숈뒿???λ젮?섍퀬 ?덉쑝硫? 援먭낵紐?醫낅즺 ????꾪뀒?ㅽ듃瑜??듯븳 ??웾 ?먭???吏꾪뻾 ?⑸땲??   ",
35,援먯쑁/?섍컯,"36) 援먯쑁 ?섍컯 以?議몄뾽???좎삁??寃쎌슦 ?대뼸寃??섎굹?? 
援먯쑁?섍컯? 媛?ν빀?덈떎. ?ㅻ쭔 援먯쑁?섎즺? ?④퍡 ?대（?댁???梨꾩슜 ?곌퀎 ??李멸???湲곗뾽?먯꽌 議몄뾽?먭? ?꾨땲誘濡?梨꾩슜?섏? ?딆쓣 ???덉뒿?덈떎. 
?대떦 ?쒖젏 梨꾩슜怨듦퀬?먯꽌 媛?湲곗뾽 蹂??댁슜??吏곸젒 ?뺤씤?댁빞?⑸땲?? ",
36,援???댁씪諛곗?移대뱶,"37)  KT ?먯씠釉붿뒪荑⑥? 臾대즺?멸???
?? KT ?먯씠釉붿뒪荑⑥? 'K-Digital Training 援먯쑁'?쇰줈, 怨쇱젙??鍮꾩슜? 援???댁씪諛곗?移대뱶濡??좎껌?섏뿬 吏?먮컺?????덉뒿?덈떎. ",
37,援???댁씪諛곗?移대뱶,"38) 援???댁씪諛곗?移대뱶媛 臾댁뾿?멸??? 
援???먯꽌 援?? ?ㅼ뒪濡?吏곸뾽?λ젰媛쒕컻?덈젴???ㅼ떆?????덈룄濡??덈젴鍮꾨? 吏?먰븯???쒕룄濡?2020???댁쟾 遺꾨━ ?댁쁺?섏뿀???ㅼ뾽?먮궡?쇰같?移대뱶? ?ъ쭅?먮궡?쇰같?移대뱶媛 ?듯빀?섏뿀?듬땲??
援???댁씪諛곗?移대뱶瑜??듯빐 1?몃떦 300留??먯뿉??500留??먭퉴吏 吏?먮컺?????덉뒿?덈떎. 
   * 吏?먮???諛?湲곗?? ??곸옄蹂꾨줈 ?곸씠?????덉쑝??HRD-NET ?ъ씠?몃? ?뺤씤?댁＜?쒓린 諛붾엻?덈떎. ",
38,援???댁씪諛곗?移대뱶,"39) 援???댁씪諛곗?移대뱶媛 ?덉뼱?쇰쭔 吏?먯씠 媛?ν븳媛??
?? 援???댁씪諛곗?移대뱶 蹂댁쑀?먮쭔 吏?먯씠 媛?ν빀?덈떎. ?꾩옱 移대뱶瑜?蹂댁쑀?섍퀬 ?덉? ?딅뜑?쇰룄, K-Digital Training 援먯쑁 ??곸옄濡??뺤씤?섏뼱 ?좉퇋 諛쒓툒?섎㈃ 吏??媛?ν빀?덈떎. ",
39,援???댁씪諛곗?移대뱶,"40) 援???댁씪諛곗?移대뱶留?諛쒓툒 諛쏆쑝硫?KT ?먯씠釉붿뒪荑??덈젴怨쇱젙???ㅼ쓣 ???덈뒗 嫄닿???
?꾨떃?덈떎. 留?34???댄븯???뺢퇋 4?꾩젣 ????꾧났臾닿?) 議몄뾽???먮뒗 議몄뾽 ?덉젙??以?援???댁씪諛곗?移대뱶 諛쒓툒??媛?ν븳?먭? 蹂?怨쇱젙??吏???????덉뒿?덈떎. (怨꾩쥖?붿븸 蹂댁쑀 ??",
40,援???댁씪諛곗?移대뱶,"41) 援???댁씪諛곗?移대뱶 怨꾩쥖???붿븸???녿뒗???대뼞?섎굹??
KT ?먯씠釉붿뒪荑⑥? 怨좎슜?몃룞遺? KT媛 怨듬룞?쇰줈 ?섑뻾?섎뒗 泥?뀈 痍⑥뾽??웾 媛뺥솕 ?꾨줈洹몃옩?쇰줈 援???댁씪諛곗?移대뱶 諛쒓툒怨?怨꾩쥖???붿븸 蹂댁쑀媛 ?꾩닔?낅땲?? 
?ㅻ쭔, ?ㅻⅨ ?덈젴湲곌? ?깆뿉??K-Digital Training 援먯쑁???섍컯???대젰???덈뒗 寃쎌슦 ?덈젴?섍컯???대젮?????덉쑝??瑗?愿??怨좎슜?쇳꽣???뺤씤 ??吏?먰빐 二쇱꽭?? ",
41,援???댁씪諛곗?移대뱶,"42) ?덈젴?앹씠 異붽? 遺?댄빐???섎뒗 湲덉븸(?덈젴鍮꾩슜)???덈굹??
KT ?먯씠釉붿뒪荑⑥? 怨좎슜?몃룞遺? KT媛 ?꾩븸 ?덈젴鍮꾩슜??遺?댄빐???댁쁺?⑸땲?? 
蹂꾨룄??異붽? ?덈젴鍮꾩슜(?먭린遺?닿툑)???놁쑝?? 吏???붽굔??異⑹”?쒕떎硫?利됱떆 吏?먰빐 二쇱떗?쒖삤. ",
42,援???댁씪諛곗?移대뱶,"43) 援???댁씪諛곗?移대뱶??紐??꾧컙 ?ъ슜?????덈굹??
怨꾩쥖 諛쒓툒?쇰줈遺??5?꾧컙 ?ъ슜?????덉뒿?덈떎. ",
43,援???댁씪諛곗?移대뱶,"44) 援???댁씪諛곗?移대뱶 諛쒓툒 ??瑗???됱쓣 諛⑸Ц ?댁빞?섎굹?? 
援???댁씪諛곗?移대뱶 ?좎껌 ??""?고렪 諛쒖넚""?쇰줈 ?좏깮?섏떊 寃쎌슦, ?ㅻЪ移대뱶 ?섎졊源뚯? ?뚯슂?섎뒗 ?쒓컙???좎껌?먮퀎濡??곸씠?????덉뒿?덈떎.  
?ㅻ쭔, ?덈젴 ?댁쁺???⑥쑉???꾪븯??""???諛⑸Ц""??沅뚯옣?쒕┰?덈떎. 
?대? ""?고렪 諛쒖넚""?쇰줈 ?좏깮?섏떊 寃쎌슦, ??쒖긽怨듯쉶?섏냼(?덈궡臾몄옄 諛쒖떊泥? 02-6050-3593)濡??곕씫諛붾엻?덈떎.  ",
44,援???댁씪諛곗?移대뱶,"45) 援???댁씪諛곗?移대뱶 諛쒓툒? ?덈뒗?? ?섎졊源뚯? ?꾨즺?댁빞?섎굹??
?ㅻЪ移대뱶媛 ?놁뼱??HRD-Net???듯빐 援???댁씪諛곗?移대뱶 ?좎껌???꾨즺?섏??ㅻ㈃, ?섍컯?좎껌? 媛?ν빀?덈떎. 
移대뱶 諛쒓툒????뼱??移대뱶 ?섎졊 ??HRD-Net ?섍컯?좎껌??吏꾪뻾?섎뒗 寃쎌슦, ?섍컯?좎껌 ?꾨즺 ????쒖긽怨듯쉶?섏냼(?덈궡臾몄옄 諛쒖떊泥? 02-6050-3593)濡??곕씫諛붾엻?덈떎. 
?ㅻ쭔, ?ㅻЪ移대뱶 ?섎졊???뺤씤?섏뼱??KT ?먯씠釉붿뒪荑?援먯쑁???좊컻???꾨즺?섏삤?? 理쒕???諛쒓툒 湲고븳??留욎텛??諛쒓툒??二쇱떆湲?諛붾엻?덈떎. ",
45,援???댁씪諛곗?移대뱶,"46) 援먯쑁 吏꾪뻾 以?援???댁씪諛곗?移대뱶媛 留뚮즺?섎뒗??媛깆떊?댁빞?섎굹??
異뷀썑 ?쒖슜???섏떎 ???덉쑝??媛깆떊 諛쒓툒??沅뚭퀬 ?쒕┰?덈떎.  移대뱶 諛쒓툒 愿?⑦빐?쒕뒗 ?명꽣???먮뒗 二쇱냼吏 愿??怨좎슜?쇳꽣瑜??듯빐 吏꾪뻾 ?섏떎 ???덉쑝??李멸퀬 遺???쒕┰?덈떎.",
46,援???댁씪諛곗?移대뱶,"47) ?湲곌??먯꽌 K-Digital Training 援먯쑁怨쇱젙???섍컯?덈뒗?? 異붽?濡??섍컯?????덈굹??
K-Digital Training 援먯쑁怨쇱젙? 1?뚯감???쒗빐?쒕쭔 臾대즺濡??섍컯媛?ν븯硫? 
?먯씠釉붿뒪荑⑥? ?먭린遺?닿툑??諛쒖깮?섏? ?딅뒗 ?먮? 吏????곸쑝濡??섍퀬 ?덉뼱 異붽? ?섍컯???대졄?듬땲??",
47,援???댁씪諛곗?移대뱶,"48) K-Digital Training 怨쇱젙??1踰??섍컯?섎떎媛 ?? 留욎??딅뒗 寃?媛숈븘 ?섍컯???ш린 ?섏??듬땲?? ??K-Digital Training 援먯쑁怨쇱젙???ㅼ쓣 ???덈굹??
理쒖큹 ?섍컯??K-Digital Training 援먯쑁怨쇱젙???섍컯泥좏쉶湲곌컙??痍⑥냼?섏??ㅻ㈃ K-DT 怨쇱젙???ㅼ쓣 ???덉뒿?덈떎. 
?섍컯泥좏쉶湲곌컙 ?댄썑??以묐룄 ?닿탳?섏??ㅻ㈃ ?섍컯???대젮?????덉쓬??李멸퀬 遺???쒕┰?덈떎. 
媛쒖씤蹂??곹솴???ㅻ? ???덉쑝誘濡??뺥솗???섍컯 媛???щ???愿??怨좎슜?쇳꽣??臾몄쓽?섏뿬 ?뺤씤?섏떆湲?諛붾엻?덈떎. 愿??怨좎슜?쇳꽣 ?뺣낫??怨좎슜?몃룞遺 ??쒕쾲??1350 ?먮뒗 嫄곗＜吏 洹쇱쿂 吏?꾧??? HRD-Net?먯꽌 ?뺤씤 媛?ν빀?덈떎.",
48,援???댁씪諛곗?移대뱶,"49) ?덈젴?λ젮湲덉씠 臾댁뾿?멸???
<p>?덈젴?λ젮湲덉씠? 湲?湲곌컙??援?퉬怨쇱젙???섍컯?섎뒗 遺꾨뱾?먭쾶 寃쎌젣??遺?댁쓣 ?쒖뼱二쇨린 ?꾪빐 援먰넻鍮꾩? ?앸퉬 紐낅ぉ?쇰줈 ?쒓났?섎뒗 吏?먭툑??留먰빀?덈떎. </p>
<p>???덈젴?λ젮湲?吏湲?議곌굔</p>
<p> 1) ?섍컯援먯쑁怨쇱젙??珥??덈젴?쒓컙??140?쒓컙 ?댁긽 </p>
<p> 2) ?⑥쐞湲곌컙 異쒖꽍瑜?80% (?⑥쐞湲곌컙: 援먯쑁媛쒓컯?쇰줈遺??留?1媛쒖썡???섎?) </p>
<p> 3) 留덉?留??⑥쐞湲곌컙 ???섍컯???묒꽦</p>

<p>???덈젴?λ젮湲?吏湲????</p>
<p> 1) ?ㅼ뾽??</p>
<p> 2) 二?15?쒓컙 誘몃쭔 洹쇰줈??</p>
<p> 3) 洹쇰줈?λ젮湲??섍툒??</p>
<p> 4) 怨좎슜蹂댄뿕 ?꾩쓽媛???먯쁺?낆옄 </p>
<p> 5) 援??痍⑥뾽?쒕룄 李몄뿬??/p>
 <p>(?? 珥??덈젴?쒓컙??140?쒓컙 誘몃쭔?대씪??援??痍⑥뾽吏?먯젣??1?좏삎 李몄뿬?? 2?좏삎 李몄뿬??以???뚮뱷痢?李몄뿬?? 怨좎슜蹂댄뿕 ?꾩쓽媛???먯쁺?낆옄???덈젴?λ젮湲??섎졊 媛?? </p>",
49,援???댁씪諛곗?移대뱶,"50) ?덈젴?λ젮湲덉? 紐⑤몢媛 ??諛쏆쓣 ???덈굹??
KT ?먯씠釉붿뒪荑?怨쇱젙 ?섍컯?앹씠?쇰㈃ 湲곕낯?곸쑝濡???諛쏆쓣 ???덉뒿?덈떎.
?ㅻ쭔, ?ㅼ뾽湲됱뿬 ?섍툒???깆? ?섎졊??遺덇? ?????덉쑝硫? 異쒖꽍 湲곗????곕씪 ?섎졊 鍮꾩슜? ?곸씠?????덉뒿?덈떎. 
?먯꽭???ы빆? 愿??怨좎슜?쇳꽣??臾몄쓽 遺???쒕┰?덈떎. ",
50,援???댁씪諛곗?移대뱶,"51) ?덈젴?λ젮湲덉? ?몄젣 ?섏삤?섏슂?
?덈젴?λ젮湲덉? ?⑥쐞湲곌컙(?덈젴?쒖옉?쇰줈遺??1媛쒖썡)??異쒖꽍瑜??깆쓽 ?λ젮湲?吏湲?湲곗???珥앹”?섏??????섎졊 ?섏떎 ???덉뒿?덈떎.  
(?? ?⑥쐞湲곌컙 異쒖꽍瑜좎씠 80% ?댁긽??寃쎌슦留??낃툑?섎ŉ, ?ㅼ뾽湲됱뿬 ?섍툒 以묒씠嫄곕굹 ?뚮뱷???덈뒗 寃쎌슦 ?쇰? 遺吏湲됱쑝濡?媛쒕퀎 ?뺤씤 ?꾩슂)  
?덈젴?λ젮湲덉? ?듭긽 ?⑥쐞湲곌컙 醫낅즺?쇰줈遺??1媛쒖썡 ?대궡 吏湲됰맗?덈떎. 
?ㅻ쭔, 怨좎슜?쇳꽣 ?쇱젙???곕씪 沅뚯뿭蹂?吏湲됱씪?먭? ?곸씠?????덉뒿?덈떎. ",
51,援???댁씪諛곗?移대뱶,"52) ?덈젴?λ젮湲덉? ?쇰쭏媛 ?대뼸寃?吏湲됰릺?섏슂? 
?덈젴?λ젮湲덉? ??理쒕? 116,000?먯씠 吏湲됰맗?덈떎. 
2023?꾩쓽 寃쎌슦 ?밸퀎?덈젴?섎떦??200,000??異붽? 吏?먮릺?? ??理쒕? 316,000?먯씠 吏湲됰맗?덈떎. 
?⑥쐞湲곌컙??異쒖꽍瑜좎씠 80%?댁긽??寃쎌슦 ?ㅼ뾽?곹깭, ?ъ쭅?щ? 諛??뚮뱷 ?섏????곕씪 ?щ━ 吏湲됰맗?덈떎. 
珥??덈젴?쒓컙??140?쒓컙 ?댁긽??援???댁씪諛곗?移대뱶 怨쇱젙???섍컯?섎뒗 寃쎌슦 ?ㅼ뾽?? 二?15?쒓컙 誘몃쭔 洹쇰줈瑜??쒓났?섎뒗 怨좎슜蹂댄뿕 ?쇰낫?섏옄, 洹쇰줈?λ젮湲??섍툒?? 怨좎슜蹂댄뿕 ?낆쓽媛???먯쁺?낆옄??吏湲됰컺?????덉뒿?덈떎.",
52,援???댁씪諛곗?移대뱶,"53) ?꾨Ⅴ諛붿씠?몃? ?섎㈃ ?덈젴?λ젮湲덉쓣 紐삳컺?섏슂?
?덈젴?λ젮湲덉? ?ㅼ뾽??吏湲됱씠 ?먯튃?낅땲?? 
?ㅻ쭔, 二?15?쒓컙 誘몃쭔?쇰줈 洹쇰줈?섎ŉ, ?대떦 洹쇰줈?ъ떎怨??숈씪?섍쾶 怨좎슜蹂댄뿕??媛?낅릺???덈뒗 寃쎌슦 ?덉쇅?곸쑝濡??덈젴?λ젮湲덉씠 吏湲됰맗?덈떎. 
?붾텋?? ?덈젴 ?섍컯?쇱젙怨?洹쇰줈?쒓컙? 以묐났?????놁뒿?덈떎. 
?먯꽭???ы빆? 愿??怨좎슜?쇳꽣??臾몄쓽 遺???쒕┰?덈떎. ",
53,援???댁씪諛곗?移대뱶,"54) ?먯쁺?낆옄 怨좎슜蹂댄뿕 媛???쒖뿉???덈젴?λ젮湲?紐삳컺?섏슂?
?먯쁺?낆옄 以?怨좎슜蹂댄뿕 ?꾩쓽媛?낆옄???덈젴?λ젮湲덉쓣 諛쏆쑝?????덉뒿?덈떎. ",
54,援???댁씪諛곗?移대뱶,"55) 援먮궡 ?ν븰湲??섎졊 ???덈젴?λ젮湲?紐삳컺?섏슂? 
<p>?ν븰湲덉씠 ?뚮뱷?쇰줈 ?몄떇?섎뒗 寃쎌슦 ?덈젴?λ젮湲덉씠 吏湲됰릺吏 ?딆쓣 ???덉뒿?덈떎.
?덈젴?λ젮湲덉? 怨좎슜?쇳꽣?먯꽌 吏湲됱슂嫄댁쓣 理쒖쥌 寃????吏湲됱쿂由??섎?濡? 癒쇱? ?숆탳 ?됱젙泥섏뿉 ?ν븰湲??뚮뱷 泥섎━ ?щ? 臾몄쓽 ??嫄곗＜吏 愿??怨좎슜?쇳꽣(HRD-Net ?뺤씤) ?뱀? ?덈젴 沅뚯뿭蹂?怨좎슜?쇳꽣(?꾨옒 李멸퀬)濡??곕씫?섏떆???덈젴?λ젮湲?吏湲??щ???????ㅼ떆 ??踰?臾몄쓽?섏떆湲?諛붾엻?덈떎.</p>

<p>???섎룄沅? ?깅궓怨좎슜?쇳꽣 </p>
<p>      異⑸궓/異⑸턿: ??꾧퀬?⑹꽱??</p>
<p>      ?援?寃쎈턿: ?援ш퀬?⑹꽱??</p>
<p>      ?꾨궓/?꾨턿: 愿묒＜怨좎슜?쇳꽣 </p>
<p>      遺??寃쎈궓: 遺?곌퀬?⑹꽱??</p>
<p>       - 怨좎슜?몃룞遺 ??쒕쾲??1350, 嫄곗＜吏 洹쇱쿂 吏?꾧??? HRD-Net 硫붿씤 ?섎떒 吏??퀎 湲곌?寃?됱뿉???뺤씤 媛??</p>",
55,援???댁씪諛곗?移대뱶,"56) 援??痍⑥뾽吏?먯젣??6媛쒖썡 寃쎄낵 ???덈젴?λ젮湲?紐삳컺?섏슂? 
援??痍⑥뾽吏?먯젣?꾨? ?곸슜 諛쏆쑝?쒓퀬 ?섎떦 ?섎졊 湲곌컙????異⑹”?섏뀲?ㅻ㈃ 援??痍⑥뾽吏?먯젣?꾨줈 蹂꾨룄???섎떦??諛쏆쑝?쒓린???대졄?듬땲??  
?ㅻ쭔, 吏곸뾽?덈젴 ?섍컯???곕Ⅸ 蹂꾨룄???덈젴?λ젮湲덉? 異쒖꽍瑜??깆쓽 ?λ젮湲?吏湲?湲곗???異⑹”??寃쎌슦 ?섎졊 ?섏떎 ???덉뒿?덈떎.",
56,梨꾩슜?곌퀎,"57) 梨꾩슜 ?곌퀎 愿???대뼡 吏?먯씠 ?덈굹?? 
KT ?먯씠釉붿뒪荑⑥? 誘몃옒?몄옱?≪꽦 + 泥?뀈 IT/SW/DX 遺꾩빞 ?쇱옄由?李쎌텧???꾪빐??KT ? ?뺣?媛 ?④퍡 ?섎뒗 ?꾨줈洹몃옩?낅땲??  
?먯씠釉붾윭 ?щ윭遺꾨뱾??痍⑥뾽湲고쉶瑜??꾪빐 Job Searching ?몄뀡, 痍⑥뾽而⑥꽕?? ?≫럹?????щ윭 ?꾨줈洹몃옩?ㅼ쓣 ?댁쁺?섍퀬 ?덉뒿?덈떎.",
57,梨꾩슜?곌퀎,"58) KT 梨꾩슜 ?곌퀎 ??以묒젏?곸쑝濡?蹂대뒗 ?붿냼媛 ?덈굹?? 
KT 洹몃９, AI ?먰? 湲곗뾽/?ㅽ??몄뾽 100 ???ㅼ뼇??湲곗뾽?먯꽌 梨꾩슜 ?곌퀎???덉젙?쇰줈 湲곗뾽留덈떎 ?몄옱??諛?諛섏쁺 ?붿냼媛 ?ㅻⅤ湲??뚮Ц??以묒젏 ?붿냼??????덈궡?쒕━湲??대젮?????묓빐 遺?곷뱶由쎈땲?? 
梨꾩슜?????遺遺꾩? 援먯쑁??李몄뿬?섏떆硫?異뷀썑 愿??遺?쒕? ?듯빐 ?덈궡?쒕┫ ?덉젙?낅땲?? ",
58,"援먯쑁??吏?먯궗??""59) 援먯쑁?앹뿉寃뚮뒗 ?대뼡 ?ы빆?ㅼ씠 吏?먮릺?섏슂?",,
痍⑥뾽???꾩????섎뒗 ?ㅼ뼇???꾨줈?앺듃瑜??쒓났?섍퀬, ?ы듃?대━???묒꽦???꾩??쒕━硫? 肄붾뵫梨뚮┛吏, ?댁빱?????ㅼ뼇??Competition ?섏긽 湲고쉶瑜??쒓났?⑸땲?? ,
?먰븳, AIVLE Job Fair瑜?嫄곗퀜 ?곗닔 ?섎즺?앹쓣 ??곸쑝濡?KT? KT洹몃９, AI?먰?," ?묐젰????梨꾩슜源뚯? ?곌퀎???쒕┰?덈떎. """
59,"援먯쑁??吏?먯궗??""60) 李멸??먯뿉寃??명듃遺곸쓣 ??ы빐二쇰굹??",,
"?? 援먯쑁湲곌컙 ?숈븞 ?명듃遺곸쓣 臾대즺濡?吏?먰븯硫? 援먯쑁???꾩슂???꾩닔 ?꾨줈洹몃옩???ㅼ튂?섏뼱 ?덉쑝誘濡? ?쒓났???명듃遺곸쓣 ?ъ슜??二쇱떆湲?諛붾엻?덈떎. """,,,
60,"援먯쑁??吏?먯궗??""61) 援먯쑁湲곌컙 ?쒓났?섎뒗 ?명듃遺??ъ뼇??沅곴툑?⑸땲??",,
?먰솢???ㅼ뒿 ?섍꼍???꾪빐 ?꾨옒 紐낆떆???ъ뼇 ?댁긽??媛뽰텣 ?명듃遺곸쓣 ?쒓났?⑸땲?? ,,,
"- CPU : I5 / RAM : 8GB / ?ъ쑀??κ났媛?: 40GB  """,,,
61,"援먯쑁??吏?먯궗??""62) ?硫?援먯쑁 ???숈냼媛 ?쒓났 ?섎굹?? ",,
"?숈냼???쒓났?섏? ?딆뒿?덈떎.""",,,
62,湲고?,"63) 援?퉬吏??IT 援먯쑁??留롮????묎컳?嫄??꾨땶媛?? 萸먭? ?ㅻⅨ媛??
KT ?먯씠釉붿뒪荑⑥뿉?쒕뒗 ?대줎/?ㅼ뒿 援먯쑁???섏븘媛 湲곗뾽 ?ㅼ쟾???꾨줈?앺듃瑜?以묒떖?쇰줈 ?ㅻТ?먯꽌 ?쇳븯??諛⑹떇??諛곗슱 ???덉뒿?덈떎. 
?먰븳, KT ?꾩쭅 ?꾨Ц媛媛 ?꾨떞?섏뿬 ?곗뾽吏?? AI/DX 湲곗닠, 李쎌쓽?깆쓣 媛뽰텧 ???덈룄濡?媛뺤쓽? 肄붿묶???쒓났?섍퀬, 媛뺤쓽 以?沅곴툑???ы빆? ?꾨떞 ?쒗꽣媛 1:1濡?吏곸젒 肄붿묶???쒓났?⑸땲??  
?뱁엳, ?곗닔 ?섎즺?앹쓣 ??곸쑝濡?KT? KT 洹몃９, AI?먰?, ?묐젰????梨꾩슜源뚯? ?곌퀎???쒕┰?덈떎. ",
63,湲고?,"64) AICE (湲곗〈 AIFB) ?먭꺽利앹씠 ?덉뼱???좊━?쒓???
?? AICE (湲곗〈 AIFB) Associate ?먭꺽 痍⑤뱷?먮뒗 ?좊컻 ???곕??섍퀬 ?덉뒿?덈떎. ",
64,湲고?,"65) AICE ?쒗뿕愿??臾몄쓽???대뵒???댁빞?섎굹?? 
help@aice.study ?쇰줈 臾몄쓽 ?섏떆湲?諛붾엻?덈떎.",
65,湲고?,"66) 援??痍⑥뾽吏?먯젣?꾨? ?좎껌?섍퀬 ?띠뒿?덈떎. 
援??痍⑥뾽吏?먯젣???좎껌怨?愿???ы빆? 嫄곗＜吏 愿??怨좎슜?쇳꽣, ?낅Т ????꾪긽湲곌??쇰줈 臾몄쓽 遺???쒕┰?덈떎.  
二쇱냼吏 愿??怨좎슜?쇳꽣, ?낅Т????꾪긽湲곌?? 怨좎슜遺 怨좉컼?쇳꽣 ??쒕쾲??1350 ???듯빐???뺤씤?섏떎 ???덉뒿?덈떎. ",
66,湲고?,"67) 援??痍⑥뾽吏?먯젣?꾨? ?덊빐??援먯쑁 李몄뿬?섎굹?? 
援??痍⑥뾽?쒕룄瑜??좎껌?섏? ?딆븘??KT ?먯씠釉붿뒪荑?援먯쑁??李몄뿬?섏떎 ???덉뒿?덈떎. 
援???댁씪諛곗?移대뱶 諛쒓툒 諛?HRD-Net ?섍컯?좎껌? ?꾩닔 ?ы빆?대땲 ?뺥빐吏?湲고븳 ???꾨즺 遺?곷뱶由쎈땲?? ",
67,湲고?,"68) 援??痍⑥뾽吏?먯젣??愿??吏곸뾽?덈젴?먯깋?쒓? ?꾩슂?⑸땲?? 
吏곸뾽?덈젴?먯깋?쒕뒗 怨좎슜?쇳꽣 ?먮뒗 援??痍⑥뾽吏?먯젣??誘쇨컙?꾪긽湲곌????뺥븳 ?묒떇???곕씪 HRD-Net???덈젴怨쇱젙??李멸퀬?섏뿬 吏곸젒 ?묒꽦?댁빞?섎ŉ, HRD-Net?먯꽌 ?뺤씤???대젮??寃쎌슦 KT ?먯씠釉붿뒪荑??덈젴 ?뺣낫????쒖긽怨듯쉶?섏냼(02-6050-3593)濡??붿껌?섏떆硫??⑸땲?? ",
